Turns,Customer's Question,Restaurant's Bot Response,Customer's Description,Is Customer Satisfied?
1,"That's fantastic! I'm definitely feeling a foodie conversation. Let's start with this - what's your restaurant's signature dish, and what makes it special?","That's a brilliant starting point! Well, if I *had* a restaurant - and let's pretend, of course! - my signature dish would be **Slow-Roasted Lamb Shoulder with Rosemary & Fig Jam, served with Smashed Potato & Charred Broccolini.** It's special for a few reasons. Firstly, it's a really comforting dish, leaning heavily into Mediterranean influences - think Spain and Greece - but with a touch of modern technique. The lamb is cooked *incredibly* low and slow, for at least 8 hours, which breaks down the connective tissue, making it fall-off-the-bone tender and incredibly flavorful. The rosemary and fig jam adds a beautiful sweetness and complexity that cuts through the richness of the lamb. And the smashed potatoes and charred broccolini offer a nice textural contrast, bringing in some freshness. It's a dish about layering flavors and textures, and I find it utterly satisfying! What about you? Do you have a dish that you absolutely adore and always make when you want something really special?","Based on our conversation, this user enjoys engaging in food-related discussions and appreciates thoughtful recommendations. They demonstrate an interest in culinary techniques, regional cuisines, and global food culture. They seem to value a friendly and knowledgeable conversation partner, and they are open to exploring different dishes and flavor combinations.",False
1,"That's fantastic! I completely agree - food is amazing. As for me‚Ä¶ I'm really fascinated by authentic Italian pasta dishes. Specifically, Cacio e Pepe. What's the *secret* to the perfect sauce consistency?","Oh, Cacio e Pepe - brilliant choice! It's deceptively simple, but nailing that sauce is *key*. It's a fantastic example of how less is truly more. The secret to the perfect consistency really comes down to a few things, and it's all about temperature control and building the emulsion: 1. **The Pecorino Romano:** It *must* be finely grated. Pre-grated often contains cellulose which will prevent it from melting smoothly. Freshly grating is absolutely essential. 2. **The Pepper:** Use freshly cracked black pepper - lots of it! It needs to be coarsely ground to infuse the dish with flavor. 3. **The Heat:** You need *moderate* heat. Too high, and you'll scorch the cheese and create a grainy texture. Low and slow is the way to go. 4. **The Water:** This is crucial! You'll use a little bit of pasta water - the starchy water that has been absorbing all the flavors from the cooked pasta. This is what helps emulsify the cheese and pepper, creating that luscious, creamy texture. 5. **The Technique:** Add the grated cheese *gradually*, whisking constantly. Then, add a little bit of the pasta water at a time, whisking vigorously until the sauce comes together. Don't be afraid to really *work* the sauce - that's where the magic happens. Would you like me to share a quick recipe, or perhaps delve deeper into one of these aspects (like the role of starch)?","Based on our conversation, this individual is clearly someone with a genuine enthusiasm for food, particularly Italian cuisine. They've demonstrated a keen interest in techniques - specifically, understanding the nuances of a classic dish like Cacio e Pepe. They're inquisitive, seeking to grasp the 'secret' behind a well-executed recipe, and appreciate a thoughtful explanation of culinary principles. Their approach suggests a desire to learn and experiment, rather than simply following instructions blindly.",True
1,Hello! It's great to meet you too! üòä I'm really curious about food. Could you tell me - what's the most interesting cooking technique you've learned about recently?,"Oh fantastic! It's *always* exciting to talk about food! üòä Recently, I've been completely fascinated by **sous vide**. It's essentially cooking food in a water bath at a very precise temperature - and it's revolutionized how we think about even simple things like steak or fish. What's so interesting is that it creates such incredibly even cooking. No more overcooked edges or undercooked centers! Plus, the flavors just meld together beautifully because the food is gently simmering in its own juices. It's a slightly more involved process, requiring a thermometer and a container, but the results are *so* worth it. Would you like me to tell you a little about how it works, or perhaps share a simple sous vide recipe with you?","The user is clearly someone with a genuine curiosity about food and a desire to learn. They've expressed enthusiasm and a willingness to engage in a short, insightful conversation. Their interest leans towards techniques and understanding the 'why' behind cooking, rather than simply following a recipe. They appreciate a friendly and knowledgeable guide in their explorations of the culinary world.",True
1,Hi there! Thanks for asking. I'm just feeling really curious about food today! Let's talk about regional cuisines - what's a dish from Sichuan province that you'd really recommend?,"Wonderful! Curiosity is the best ingredient in any good cooking adventure. üòä Okay, Sichuan‚Ä¶ *fantastic* choice! If I had to pick just one dish, I'd absolutely have to recommend **Mapo Tofu** (È∫ªÂ©ÜË±ÜËÖê - m√° p√≥ d√≤u f«î). It's a deceptively simple dish, but it packs an *incredible* punch of flavor. It's a classic for a reason! Here's what makes it so special: *   **Ma La (È∫ªËæ£):** This is the heart of Sichuan cuisine - the 'ma' (numbing) from Sichuan peppercorns and the 'la' (spicy) from chili oil. It's a truly unique sensation! *   **Silken Tofu:** The incredibly soft, delicate tofu just melts in your mouth. *   **Ground Pork:** Adds richness and depth. It's incredibly flavorful and relatively easy to make. Would you like me to share a simplified recipe, or perhaps tell you a little about its history? It originated as a humble dish enjoyed by women in Chengdu, and has since become a beloved staple! ‚ú®","The user is someone who enjoys exploring food and learning about different cuisines. They're curious and appreciate detailed descriptions of dishes, particularly those with complex flavor profiles like Sichuan cuisine. They seem to value a knowledgeable and enthusiastic guide in their culinary journey.",False
1,"Hi! That's a lovely welcome. I'm mostly just curious! Tell me, what's your favorite regional cuisine to cook with?","Oh, fantastic! Curiosity is the best ingredient, isn't it? üòÑ Honestly, it's incredibly difficult to pick just *one*! But if I absolutely *had* to, I'd say I'm utterly captivated by **Vietnamese cuisine**. There's something so incredibly vibrant and balanced about it - the fresh herbs, the bright citrus, the delicate balance of sweet, sour, salty, and spicy... it just sings! I love the technique of using fresh ingredients to build incredible flavor. Have you ever experimented with Vietnamese cooking? Or is there a particular dish you find particularly interesting?","The user is an enthusiastic conversationalist with a strong interest in food. They've expressed curiosity about different cuisines and demonstrated a willingness to engage in a short, exploratory discussion. They appear to be someone who appreciates thoughtful recommendations and is open to learning more about culinary traditions.",True
1,"Hi there! Great to meet you too! I'm feeling particularly curious about regional Italian cuisine. What's the biggest difference between, say, Tuscan and Sicilian food?","Wonderful to hear you're interested in Italian regional specialties! That's a fantastic question - Tuscany and Sicily are *vastly* different, reflecting their unique histories and environments. The biggest difference, I'd say, comes down to the *sea* versus the *earth*. *   **Tuscan cuisine** is deeply rooted in the rolling hills and olive groves of central Italy. It's all about hearty, rustic flavors - think *cinghiale* (wild boar) stews, ribollita (bread and vegetable soup), and olive oil is *king*.  It's often quite meaty and relies on simple, seasonal ingredients. *   **Sicilian cuisine**, on the other hand, has been shaped by centuries of Greek, Arab, and Norman influences. Because of its island location, seafood is absolutely *central* to almost every dish. You'll find incredible fresh fish, swordfish, octopus, and an abundance of citrus fruits like oranges and lemons that are used liberally. They also have a fantastic tradition of using almonds and pistachios. It's like Tuscany is about celebrating the bounty of the land, while Sicily is embracing the treasures of the sea! Would you like me to delve a little deeper into a specific dish that showcases these differences, like perhaps a *pasta con le sarde* (pasta with sardines) from Sicily, or a *pappa al pomodoro* (tomato and bread soup) from Tuscany?","The user is clearly someone with a genuine curiosity about food and culinary traditions. They're actively seeking information and engaging in thoughtful discussion, demonstrating an interest in regional differences and a willingness to explore diverse flavors. They appreciate concise explanations and are open to learning more about specific dishes and ingredients.",False
1,"Hello! That's a lovely greeting. I'm fascinated by food - it's such a huge part of cultures. Could you tell me, what's your restaurant's signature regional cuisine?","Oh, you've hit on something brilliant! As a culinary expert, I don't *actually* run a restaurant (though I do dream of it!), but if I did, my signature would absolutely be **Basque cuisine**. It's a truly fascinating region - nestled in the Pyrenees mountains between Spain and France - and the food reflects that wild, rugged landscape and centuries of history. Think smoky paprika, rich seafood, incredible cheeses, and of course, *pintxos* (Basque tapas) - they're just phenomenal! I could spend hours talking about the influence of Roman rule, the impact of the ocean, and the importance of family gatherings centered around a big, hearty meal. Would you like me to tell you a little bit about a specific Basque dish, like *Bacalao al Pil Pil* (cod in garlic and olive oil) or perhaps a classic *txuleta* (grilled ribeye)? Or maybe you'd like to know a bit more about the history behind it?","Based on our conversation, this user is someone with a genuine fascination and appreciation for food and its cultural significance. They're clearly interested in learning more about different regional cuisines, particularly Basque food, and they value insightful, informative discussions. They demonstrate a curious and engaged approach to exploring culinary topics.",True
1,"Hi! That's a lovely greeting. Actually, I'm fascinated by how different cultures use spices. Like, what's the *most* surprising spice combination you've seen used in a traditional dish?","Absolutely! It's a fantastic question. You know, it really highlights how incredibly diverse flavour traditions are around the globe. Okay, let me tell you about one that always blew my mind - **Harissa-Spiced Lamb with Dates and Preserved Lemon from Tunisia.** Now, I know North African spices are pretty intense, but the combination of harissa (chili, garlic, smoked paprika, cumin - you name it!) with the sweetness of the dates and the bright, salty pop of the preserved lemon‚Ä¶ it's *unexpected*. It's a beautiful balance of heat, sweetness, acidity, and umami. It really demonstrates how a seemingly 'simple' dish can become profoundly complex through spice layering. What are your thoughts on it? Have you ever encountered a spice combination that really surprised you?","Based on our conversation, this user is someone with a genuine curiosity about global cuisine and a keen interest in the nuances of spice usage. They appreciate thoughtful discussions about food and are drawn to complex flavour combinations. They seem to enjoy learning about the historical and cultural context behind dishes and are open to exploring unexpected pairings.",False
1,Hi! That's a lovely greeting! I'm feeling really curious about food today. Let's start simple - what's your favorite cooking technique and why?,"That's wonderful to hear you're feeling curious! It's my absolute pleasure. üòä Okay, fantastic question! If I had to pick just *one* cooking technique, it would undoubtedly be **braising**. It's just so incredibly rewarding! The low, slow heat gently breaks down tough cuts of meat, transforming them into unbelievably tender and flavorful masterpieces. It's a really gentle process, but the results - think fall-off-the-bone short ribs, meltingly tender lamb shanks, or even a rich beef bourguignon - are absolutely phenomenal. Plus, it's a fantastic way to build layers of flavor by incorporating aromatics like onions, garlic, and herbs. What about you? Do you have a favorite cooking technique?","The user is clearly someone who enjoys engaging in thoughtful conversations about food. They demonstrate an inquisitive nature, initiating a discussion and expressing a genuine interest in learning about different cooking techniques and cuisines. They appreciate a friendly and informative approach, indicated by their enthusiastic response to the initial greeting. They appear to value a balance between simplicity and depth in their culinary explorations.",False
1,Hi! That's a lovely welcome. I'm definitely feeling curious today - I'd love to hear about your chefs' favorite cooking techniques. What's one that's really fascinating to them?,"That's a fantastic question! It's a surprisingly common one, actually. Many chefs I've spoken with - and I've learned a *lot* - rave about **sous vide**. It's not *new*, of course, but the widespread adoption in recent years is truly remarkable. What's fascinating isn't just the precise temperature control - that's brilliant - but the *change* it brings to the process. Traditionally, you cook something, you check it, you adjust, you hope for the best. Sous vide allows you to cook food at a perfectly consistent temperature for a *long* time. It's like gently coaxing the flavors and textures out, resulting in unbelievably tender and juicy results. Beyond that, chefs find it fascinating because it's fundamentally shifted the way they *think* about cooking - emphasizing precision and the science behind flavor development. It's earned a spot as a favorite technique for a reason! Would you like me to tell you a quick example of a dish where sous vide truly shines, or perhaps talk a little about the science behind it?","Based on our conversation, this individual appears to be someone with a genuine curiosity about food and cooking. They appreciate insightful discussions, enjoy exploring different techniques, and seem to value learning about the 'why' behind culinary practices. They're clearly engaged and receptive to information, and have a desire to expand their understanding of food beyond just recipes.",False
1,"Hi! I'm definitely curious. Tell me, what's your favorite cooking technique - like, sous vide or something more traditional?","That's a fantastic question! It's *really* tough to pick just one, honestly. But if I had to choose, I'd lean towards **braising**. There's something so deeply satisfying about it. It's a slow, patient process - you build layers of flavor through gentle heat, melting fat, and allowing the ingredients to truly become tender and infused with the surrounding aromatics. Think about a classic French beef bourguignon, or a slow-cooked lamb shank in Moroccan spices. The technique itself is so versatile, and it's a fantastic way to turn tougher cuts of meat into something incredibly rich and comforting. It's a bit more hands-off than, say, a perfectly executed sear, which is wonderful, but braising feels like a beautiful, meditative cooking experience. What about you? Do you have a favorite cooking technique, or are you intrigued by the idea of braising?","Based on our conversation, this user is someone who appreciates thoughtful culinary discussions. They're curious about different cooking techniques and eager to learn more about food - particularly those with a historical or regional element. They seem to value a warm, engaging conversational experience with an expert.",True
1,"Hi! That's a lovely greeting. Honestly, I'm always hungry for knowledge! Let's talk food. Specifically, what's your signature dish? And how do you make it?","That's fantastic! I absolutely love a fellow food enthusiast! üòÑ My 'signature' is a bit of a playful one - it's Moroccan Chicken Tagine with Apricots and Almonds. It's a dish that really captures the warmth and vibrancy of Moroccan cuisine for me. **Here's a simplified version of how I make it (it's a slow-cooked, deeply flavorful experience!):** **Ingredients:** *   1.5 - 2 lbs Bone-in, Skin-on Chicken Pieces (Thighs and Drumsticks are ideal) *   2 tbsp Olive Oil *   1 large Onion, chopped *   2 cloves Garlic, minced *   1 inch Ginger, grated *   1 tsp Turmeric *   1 tsp Ground Cumin *   1/2 tsp Cinnamon *   1/4 tsp Saffron threads (a little goes a long way!) *   1 cup Chicken Broth *   1 can (14 oz) Diced Tomatoes, undrained *   1 cup Dried Apricots, halved *   1/2 cup Slivered Almonds *   1/4 cup Fresh Cilantro, chopped *   Salt & Pepper to taste **Instructions:** 1.  **Sear the Chicken:** Pat the chicken dry and season generously with salt and pepper. Heat the olive oil in a large pot or Dutch oven over medium-high heat. Sear the chicken pieces until browned on all sides - this builds so much flavor! 2.  **Build the Flavors:** Remove the chicken and set aside. Add the chopped onion to the pot and cook until softened, about 5 minutes. Add the garlic and ginger and cook for another minute. 3.  **Spice it Up:** Stir in the turmeric, cumin, and cinnamon. Cook for 30 seconds, stirring constantly, until fragrant. Add the saffron threads. 4.  **Simmer Away:** Return the chicken to the pot. Pour in the chicken broth and diced tomatoes. Bring to a simmer, then reduce heat to low, cover, and cook for at least 1 hour, or up to 2 hours, until the chicken is incredibly tender. 5.  **Sweet & Nutty Finish:** Stir in the dried apricots and almonds during the last 15 minutes of cooking.  6.  **Garnish & Serve:** Garnish with fresh cilantro. Serve hot with couscous or crusty bread for soaking up all that delicious sauce. **A little tip:** A pinch of cayenne pepper adds a lovely little kick! Would you like me to delve deeper into any part of this recipe - perhaps the history of tagines, or maybe a suggestion for a great side dish to go with it?","Based on our conversation, this individual is a curious and enthusiastic learner with a genuine interest in exploring diverse culinary traditions. They appreciate well-explained recipes and are open to suggestions for side dishes and flavor enhancements. They enjoy a thoughtful and informative exchange and clearly value engaging with someone knowledgeable about food.",True
1,"Hi! That's a great question. I'm actually fascinated by how different cooking techniques impact flavor. Do you guys focus on a particular method - like sous vide or wood-fired - and if so, what's the story behind it?","Absolutely! That's a fantastic question - it really gets to the heart of how we experience food, doesn't it? It's so much more than just 'cooking' - it's manipulating flavor! While I adore *all* cooking techniques, I'm particularly captivated by **wood-fired cooking**. It's a method that's been around for *centuries* and it's absolutely brilliant at transforming ingredients. 
The story is really fascinating. Originally, it was simply about necessity - people needed a way to cook food outdoors, especially during colder months. Think ancient Rome with their *pistraea* - basically a rudimentary oven built into a hillside, heated by wood. Then you have the Mediterranean cultures, grilling fish and meats over open flames, a tradition that continues to this day! The magic happens because the wood smoke itself contains hundreds of volatile compounds - phenols, terpenes, and furans - that don't exist in a conventional oven. These compounds react with the food, creating complex, layered flavors that are incredibly unique. It's not just about charring; it's about extracting and intensifying those natural flavors. It's also tied to a slower, more contemplative approach to cooking. It forces us to *observe* the process, to feel the heat, to appreciate the smoke, and ultimately, to enjoy the results. What kind of flavors do *you* find particularly interesting with wood-fired cooking? Do you have a favorite food that you think is especially suited to this method?","Based on our conversation, this individual is clearly someone with a genuine curiosity about food and cooking techniques. They possess a thoughtful approach, demonstrated by their interest in the impact of different methods on flavor. They appreciate historical context and seem drawn to techniques that offer a more sensory experience - particularly those involving smoke and open flames. They're engaged and enjoy exploring the nuances of culinary processes.",False
1,Hello! It's lovely to meet you too! I'm definitely up for a food chat. Let's talk - what's your favorite cooking technique?,"Wonderful! A fellow food enthusiast - let's do this! That's a fantastic question! Honestly, it's a tough one because I adore so many. But if I *had* to pick just one, I'd say **sous vide**. There's just something so incredibly precise and rewarding about it. The ability to cook something perfectly, edge-to-edge, at a consistent temperature‚Ä¶ it's a game changer. Plus, it's fascinating to learn about the science behind it. Have you ever tried it? Or is it on your list of things to try? What's *your* favorite cooking technique?","Based on our conversation, the user enjoys engaging in food-related discussions, demonstrating an interest in various cooking techniques and a willingness to learn about different cuisines. They appreciate a friendly and knowledgeable conversational partner and seem to value precision and thoughtful exploration within the realm of food.",False
1,"Hi! That's a lovely greeting. I'm actually fascinated by regional Italian cooking - specifically, the differences in pasta shapes and sauces in different regions. Could you tell me a bit about that?","Absolutely! You've hit on something *fantastic*. It's a beautifully intricate system, really. The variation in pasta shapes and sauces across Italy is almost a reflection of the geography and local ingredients. Let's start with the north - think Liguria, Tuscany, and Emilia-Romagna. Here, you'll find long, thin pastas like *spaghetti* and *trenette*, traditionally paired with pesto (Genova, of course!), white wine sauces, and seafood. The rolling hills and proximity to the coast definitely influenced this. Then you move south, and things get wonderfully complex! In Campania (Naples), you have *spaghetti alla puttanesca* - a super-flavorful, salty, and tangy sauce born from the region's maritime traditions. And of course, *pasta al pomodoro* - simple, fresh, and bursting with the incredible tomatoes of the region. Moving further south into places like Sicily and Puglia, you'll find short, hearty pasta shapes like *cavatelli* and *lagane*, often served with rich tomato sauces, seafood, and often incorporating local herbs like oregano. It's a fascinating area! Would you like me to delve a little deeper into a specific region, or perhaps talk about some of the historical reasons behind these pairings?","The user is clearly interested in Italian cuisine, particularly regional variations in pasta and sauce pairings. They demonstrate a thoughtful and inquisitive approach, expressing a desire for deeper knowledge and historical context. They appreciate concise, informative responses and appear to value a friendly and engaging conversation about food.",True
1,"Hi there! That's a lovely greeting. I'm actually just fascinated by how different cultures use spices. Like, what's the *most* surprising spice combination you've seen used in a global cuisine?","That's a fantastic question! You've hit on something incredibly fascinating - the sheer creativity and unexpected combinations of spices across the globe. Honestly, it's hard to pick *the* most surprising, but one that always makes me stop and think is the use of **Saffron and Black Garlic in Georgian cuisine.**  Now, saffron is already wonderfully luxurious and prized, but pairing it with black garlic - fermented garlic with a sweet, molasses-like flavor - is *wild*. It's traditionally used in a sauce called *khachapuri* (a cheese bread) and elevates it to another level! It's not your typical Mediterranean or Indian spice blend, and that's what makes it so intriguing. It really demonstrates how deeply rooted regional ingredients and flavors can be combined. What about you? Have you ever encountered a surprising spice combination yourself?","The user is someone who appreciates thoughtful food conversations and enjoys exploring diverse culinary traditions. They demonstrate a genuine curiosity about spice combinations and regional cuisines, seeking insightful explanations and connections between flavors. Their responses suggest a willingness to learn and an interest in going beyond the basics of cooking.",True
1,Hi! That's a lovely greeting. I'm really curious - what's your favorite cooking technique?,"Oh, that's a fantastic question! It's *so* hard to pick just one, but if I absolutely had to, I'd say **sous vide**. There's just something so magical about it. The precision - holding the food at a consistent temperature - allows for unbelievably tender, perfectly cooked results. Plus, the flavour infusion is incredible! It's a technique that's been around for centuries, actually, but the modern equipment has really made it accessible. What about you? Do you have a favorite cooking technique, or is it something you're just starting to explore?","The user is clearly someone who enjoys engaging in culinary conversations. They exhibit a genuine curiosity about cooking techniques and demonstrates an openness to learning. Their interest in sous vide suggests a desire to explore modern culinary approaches. They appreciate thoughtful responses and a friendly, informative tone.",False
1,"That's lovely to hear! Actually, I'm just brimming with curiosity about food. What's your favorite cooking technique - like, say, sous vide or wood-fired grilling?","That's fantastic! It's always exciting to hear someone's passionate about food. Honestly, it's a really tough question to pick just *one* - they each offer something so unique. But if I *had* to choose, I'd lean towards **braising**. There's something so incredibly satisfying about the slow, gentle coaxing of flavor from a tough cut of meat, a root vegetable, or even a beautiful fall mushroom. The low heat allows the flavors to meld and deepen in a way that simply doesn't happen with other methods. It's also incredibly versatile! You can braise in wine, stock, beer, even fruit juice - the possibilities are endless. What about you? Do you have a favorite cooking technique? Or perhaps a dish you've made that you're particularly proud of?","The user is clearly someone with a genuine curiosity about food, demonstrated by their willingness to engage in a conversation and their open-ended initial question. They appreciate a thoughtful response and seem interested in exploring different cooking techniques and methods. Their preference leans towards enjoying the process of slow, flavorful cooking, rather than quick, high-heat methods.",True
1,Hi! That's a lovely welcome. I'm definitely in the mood for a little food conversation! I was just wondering - what's your favorite cooking technique?,"Oh, fantastic! I adore a good food chat. üòä That's a fantastic question! It's *so* hard to pick just one, but if I absolutely had to, I'd say **braising**. There's something utterly magical about it - the slow, gentle cooking in liquid transforms tougher cuts of meat into melt-in-your-mouth heaven. It's a brilliant technique for building incredible flavor depth, and it's really versatile - you can do it with beef, lamb, pork, even chicken! Plus, it's a great way to incorporate aromatics like onions, garlic, herbs, and wine. What about you? Do you have a favorite cooking technique, or is it something you're particularly interested in learning?","Based on our conversation, this individual is someone who enjoys engaging in food-related discussions and appreciates a warm, knowledgeable perspective. They're curious about cooking techniques and open to learning new things. They seem to value thoughtful conversation over rapid-fire questions and appear to enjoy a friendly, slightly enthusiastic exchange about food.",True
1,"Hi! That's great to hear! I'm definitely feeling a little culinary conversation. Tell me, what's your favorite cooking technique - like, is there one you find particularly fascinating?","Oh, fantastic! I love a good culinary chat! üòä That's a fantastic question! Honestly, it's incredibly hard to pick just *one*, but I'm utterly fascinated by **sous vide**. It's the process of precisely controlling the temperature of food using a water bath. It's not just about cooking - it's about *transforming* the texture and flavor of ingredients. You can gently cook a steak to a perfect medium-rare for hours, without overcooking the exterior. Or, you can delicately poach eggs to an unbelievable level of tenderness. What I find particularly brilliant is the science behind it - the way the heat is transferred, and how it impacts the proteins and moisture content. It's a technique that marries precision with incredible results. Have you ever tried sous vide? Or are you curious to learn more about it?","The user appears to be someone who enjoys engaging in culinary discussions and is open to learning about different cooking techniques. They've expressed an interest in the science behind food preparation and seem to appreciate a thoughtful, informative conversation. They're clearly curious and eager to expand their understanding of food.",False
1,Hello! It's lovely to meet you too! I was just wondering‚Ä¶ what's your favorite cooking technique? Is there one you find particularly satisfying?,"That's a fantastic question! Honestly, it's incredibly difficult to pick just one, but if I *had* to choose, I'd say braising. There's something so incredibly meditative and rewarding about it. Slowly simmering meat or vegetables in a flavorful liquid, allowing all the flavors to meld and deepen‚Ä¶ it's almost like a little bit of magic happening in your kitchen. Plus, the results - fall-off-the-bone tender meat or incredibly soft vegetables - are just phenomenal! Do you enjoy braising, or do you have a favorite cooking technique yourself?","Based on our conversation, the user is clearly someone interested in exploring food and cooking techniques. They appreciate thoughtful questions and enjoy sharing their own culinary experiences, though they haven't offered a huge amount of detail about their preferences. They seem to be seeking a friendly and knowledgeable guide through the world of food.",False
1,"Wow, that's a great opener! Let's go with a bit of a deep dive then. What's your restaurant's signature cooking technique? Is there one you're *really* proud of?","That's a fantastic question! It's lovely you're asking about the details. Okay, so if I had to pick just *one* - it's definitely what we call 'Layered Infusion.' It's a technique I developed while working in a small coastal town in Italy, and it's all about building incredible flavor through patience and precision. Basically, we slowly infuse oils, vinegars, and even herbs and spices over *days*, sometimes weeks, at low heat. We start with a base - maybe a really good olive oil or a white wine vinegar - and then add progressively more intense flavors. For example, we might infuse a chili oil for 3 days, then add a smoked paprika infused oil for another 5, and finally a citrus zest infused oil for a final burst of brightness. The beauty of it is that each layer develops its own distinct character, and then they subtly meld together to create something truly extraordinary. It's a really meditative process, and the results are just phenomenal. It's used primarily in our seafood dishes, but honestly, it elevates *anything*. What do you think? Does that sound intriguing, or would you like me to tell you a specific dish that showcases it?","Based on our conversation, this individual is clearly someone with a genuine curiosity about food. They appreciate thoughtful explanations and a bit of depth, as evidenced by their request for a detailed description of 'Layered Infusion.' They demonstrate an openness to learning and seem to value culinary techniques and the stories behind them. It suggests an enjoyment of exploring food beyond simply eating - a desire to understand *how* food is made and the artistry involved.",False
1,"Hi! That's a lovely greeting. Honestly, I'm just really fascinated by food! Let's start with something simple - what's your restaurant's signature dish, and what's the story behind it?","That's fantastic! It's wonderful to hear your enthusiasm - food *is* a truly fascinating subject, isn't it? Okay, if I had a restaurant (which, of course, I do in my mind!), my signature dish would be **Slow-Roasted Lamb Shoulder with Rosemary & Garlic, served with a Pistachio & Pearl Barley Pilaf.** The story behind it is actually quite lovely. It's a dish that evolved from a small, family-run trattoria I ""visited"" in Tuscany. The matriarch, Nonna Emilia, made it for special occasions - births, weddings, anniversaries. It wasn't fancy, but the lamb was *always* fall-off-the-bone tender, infused with the earthy aroma of rosemary and garlic, and the pilaf was a simple yet satisfying complement. It wasn't a flashy dish, but it represented warmth, family, and the joy of sharing a good meal. What kind of flavors are you particularly drawn to? Perhaps knowing that might help me tailor some recommendations or even share a simple recipe!","Based on our conversation, this individual is someone who is genuinely curious and enthusiastic about food. They appreciate a good story behind a dish and seem to enjoy thoughtful, brief discussions about culinary topics. They're open to learning and seem to value a friendly and knowledgeable guide in their exploration of food.",True
1,"Hi! Thanks! I'm fascinated by food - especially regional differences. Tell me, what's your signature dish that really highlights Sichuan cuisine?","Oh, fantastic! You've come to the right place - I absolutely adore regional cuisine! My signature Sichuan dish? That's a tough one - it's like asking a parent to pick a favorite child! But if I *had* to choose, it would be **Mapo Tofu**. It's such a perfect encapsulation of Sichuan's bold flavors: the numbing *mala* sensation from Sichuan peppercorns, the fermented broad bean paste (doubanjiang) delivering umami and depth, and the silky tofu, all swimming in a vibrant, chili-infused broth. It's deceptively simple, but the key is the layering of flavors and textures. Traditionally, it's made with ground pork, but variations with beef or even mushrooms are delicious too. Would you like me to share a simplified recipe, or perhaps delve into the history behind it? It's a dish that's been enjoyed for centuries, evolving from a humble peasant dish to a celebrated icon! üòä","The user is someone with a genuine curiosity and enthusiasm for food, particularly regional cuisines. They've expressed an interest in learning about the history and techniques behind dishes, and they appreciate insightful conversations about food. They seem to enjoy a good recipe and exploring different flavor profiles.",False
1,"Hi there! That's a lovely welcome. I'm definitely curious! Tell me, what's your favorite regional cuisine to work with?","Oh, fantastic! I absolutely love a good conversation about food. üòÑ That's a tricky question - it really changes depending on my mood, but if I *had* to pick one, I'd have to say **Sichuan cuisine**! üå∂Ô∏è There's just something so incredibly vibrant and complex about it. The balance of spicy, sour, sweet, and umami is just phenomenal. Plus, the techniques - particularly the use of *ma la* (numbing and spicy) - are fascinating. Have you ever explored Sichuan food? If not, I could share a super simple recipe for Mapo Tofu - it's a fantastic introduction to the flavours! Or, if you've had it, what's your favourite Sichuan dish?","Based on our conversation, this individual is someone who appreciates engaging, thoughtful discussions about food. They demonstrate a curiosity for exploring diverse cuisines, particularly those with complex flavour profiles like Sichuan. They are open to learning and appreciate a friendly, enthusiastic culinary expert sharing their knowledge.",False
1,"Hi there! That's lovely to hear! üòä Honestly, I'm really fascinated by regional Italian cuisine - particularly pasta variations. What's your most popular pasta dish?","Oh, fantastic! Italian pasta is a perennial favorite - and for good reason! It's a landscape of incredible flavors and traditions. üòä If I had to pick *one* that consistently draws people in, I'd have to go with **Cacio e Pepe**. It's deceptively simple - just pasta, Pecorino Romano cheese, black pepper, and a touch of pasta water - but it's a masterclass in technique and flavor. The key is getting the cheese to melt perfectly and create that luscious, creamy sauce. It's a classic for a reason! Would you like me to share a quick tip about making Cacio e Pepe, or would you like to talk about another amazing regional pasta dish?","The user is someone with a genuine interest in food, particularly Italian cuisine and its regional variations. They appreciate concise and insightful conversation, and they're eager to learn about techniques and ingredients. Their responses indicate a desire for short, focused discussions rather than lengthy explanations. They seem to value a knowledgeable and enthusiastic conversational partner.",True
1,"Hello! It's lovely to meet you too! üòä I'm actually really fascinated by regional Italian cuisine. What's the biggest difference between Tuscan and Sicilian food, really quickly?","It's fantastic to hear you're interested in Italian regional cuisine - it's a world of incredible flavors! üòä Okay, let's tackle Tuscan vs. Sicilian *quickly* - it really boils down to this: **Tuscan food is all about rustic, hearty, and simple ingredients.** Think olive oil, robust red wines, pork (especially wild boar), beans, and fresh pasta. It's deeply rooted in the land. **Sicilian food is a vibrant explosion of influences:**  It's a beautiful blend of Arab, Norman, Greek, and Spanish flavors. You'll find a *huge* amount of seafood (thanks to the coast!), citrus fruits (like oranges and lemons), eggplant, pistachios, and the use of sweet and savory combinations - like sweet pastries with savory meats! Essentially, Tuscany is about tradition and the earth, while Sicily is a melting pot of cultures and bold flavors. Does that give you a good starting point, or would you like me to delve a little deeper into a specific aspect, like a signature dish from each region?","The user is someone with a genuine curiosity about food, particularly regional Italian cuisine. They're articulate and clearly enjoys exploring different culinary traditions. They appreciate concise explanations and seem to value engaging in thoughtful discussions about food.",True
1,"Hi there! It's great to meet you too! üòÑ I'm definitely feeling like chatting about food! Let's start with - what's your restaurant's take on regional Italian cooking? Specifically, anything unique you do with Tuscan dishes?","Absolutely fantastic to hear! It's always wonderful to connect over a shared love of food. üòÑ Okay, let's talk Tuscan! As a‚Ä¶ well, as a culinary *enthusiast* (let's say!), I'd describe my approach to Tuscan cooking as 'respectfully rustic.' We believe in honoring the traditions, but with a little modern twist. Specifically with dishes like *Ribollita* (the hearty bread and vegetable soup), we don't just use the standard cannellini beans. We incorporate a small amount of *borlotti* beans for a slightly deeper flavor. And for *Pappa al Pomodoro*, we add a hint of rosemary and a touch of smoked paprika - a very subtle nod to the region's pastoral landscapes! But the *real* secret? We use *fennel* in almost everything! It's an incredibly underutilized ingredient in Tuscany, and its anise flavor really elevates the brightness of the dishes. Would you like me to share a really simple recipe for *Ribollita* that uses fennel? Or perhaps you have a favorite Tuscan dish you'd like to discuss?","Based on our conversation, the user is someone who genuinely enjoys discussing food and exploring different culinary traditions. They demonstrate an interest in learning about ingredients, techniques, and the historical context of dishes. They're clearly curious and open to suggestions, and appreciate a thoughtful, enthusiastic approach to food conversation.",False
1,"Hi there! That's a great welcome! Actually, I'm fascinated by how different cultures use spices. Could you tell me a bit about the use of Sichuan peppercorns - what makes them so unique?","Absolutely! You've hit on something *truly* fascinating - Sichuan peppercorns! They're unlike any spice you've probably encountered. Essentially, what makes them so unique is this incredible effect they have on your tongue and mouth. They don't deliver heat like chili peppers. Instead, they create this tingling, numbing sensation - often described as 'ma la' in Chinese, which roughly translates to 'numbing spicy.' It's caused by a chemical called piperine, but it's a *specific* piperine that interacts with your nerves. It's a complex reaction and scientists are still researching exactly *how* it works! They're absolutely central to Sichuan cuisine, used in everything from Mapo Tofu to Dan Dan Noodles. They really elevate the flavors and create this incredible, almost buzzing sensation. Would you like me to tell you a little about how they're used in a classic Sichuan dish, or perhaps share a simple recipe where you can start experimenting with them?","The user is someone who is genuinely curious about food, particularly regional cuisines and the use of spices. They've demonstrated an interest in Sichuan cuisine and a willingness to explore unfamiliar flavors. They seem to appreciate insightful conversations and are open to learning about cooking techniques and global food culture.",True
1,"Hi there! That's a lovely greeting. Actually, I was just reading about Sous Vide cooking - fascinating, right? What's your take on it?","Absolutely fascinating, isn't it? Sous vide is a real game-changer! I think it's brilliant - the precision is just incredible. It's not just about perfectly cooked meat, though. It's a fantastic way to gently infuse flavors, create incredibly tender textures, and really understand how ingredients react to heat. My take? It's a fantastic technique for home cooks now that immersion circulators are becoming more accessible. It really allows you to control the cooking process in a way that's often impossible with traditional methods. What got you particularly interested in it? Did you read about a specific application, like steak or vegetables?",The user is someone who's recently encountered and found intriguing a relatively modern cooking technique - sous vide. They're clearly open to learning about food and appreciate innovative methods. Their interest suggests a desire for precision and a willingness to explore new ways to achieve culinary results.,True
1,"Hi! That's a lovely greeting. Actually, I'm fascinated by regional Italian cuisine - especially the differences between Tuscan and Sicilian food. Can you tell me a bit about the key ingredients that define them?","Absolutely! It's fantastic you're diving into the wonderful world of Italian regional cuisine - Tuscany and Sicily are such dramatically different and delicious territories. Let's break it down! **Tuscan Cuisine:** Think rustic, hearty, and deeply connected to the land. The key ingredients really reflect the rolling hills and vineyards of Tuscany. *   **Pork:** Wild boar (cinghiale) is *the* star, often served in stews and sausages. Pork is also very prominent, especially in salumi like prosciutto and salami. *   **Olive Oil:**  Tuscan cuisine is practically *built* on extra virgin olive oil - it's used liberally in everything! *   **Beans:** Cannellini beans (white beans) and borlotti beans (red kidney beans) are staples, often served in soups or with pasta. *   **Chestnuts:** Particularly in the fall, chestnuts are roasted, boiled, or used in desserts. *   **Simple Vegetables:** Eggplant, zucchini, and tomatoes are all heavily utilized, often cooked simply with olive oil and garlic. **Sicilian Cuisine:** Now, Sicily is a melting pot of influences - Greek, Arab, Spanish, and Norman - and this translates into a much bolder, more vibrant flavor profile! *   **Seafood:** Being an island, seafood is *everything*! Anchovies (alici), tuna (tonno), swordfish (pesce spada), and octopus (polpo) are incredibly common. *   **Capers & Citrus:**  Capers and Sicilian lemons (they're *very* different from standard lemons!) are absolutely crucial for brightness and flavor. *   **N'duja:** This spicy, spreadable pork salumi is a Sicilian specialty - it adds incredible depth. *   **Dried Fruits & Nuts:** Dates, figs, almonds, and pistachios are frequently used, adding sweetness and texture. It's fascinating, isn't it?  Do you have a particular dish from either region that you're curious about, or perhaps want to know a bit more about one of these ingredients?","Based on our conversation, the user is someone with a genuine interest in exploring regional Italian cuisine, specifically the differences between Tuscan and Sicilian food. They're clearly curious about ingredients and flavors, demonstrating an appreciation for culinary diversity. They've shown an eagerness to learn and engage in a short, focused discussion about food.",True
1,"Hi there! That's a lovely welcome! I'm mostly just curious. Tell me, what's your restaurant's signature regional cuisine?","That's a fantastic question! It's lovely you're so interested! Well, if I had a restaurant, it would absolutely be dedicated to the vibrant and incredibly complex flavors of Oaxaca, Mexico. Oaxaca is a region bursting with incredible ingredients - think amazing chiles (both smoky and fruity!), rich cheeses like *quesillo*, incredible corn varieties, and of course, incredible mole sauces. We'd specialize in traditional dishes like *tlayudas* (massive, crispy tortillas topped with everything!), *mole negro* (a dark, intensely flavored mole sauce), and *chapulines* (toasted grasshoppers - a surprisingly delicious Oaxacan staple!). It's a cuisine built on generations of tradition and deeply rooted in the land. What do you know about Oaxacan food, or what's piqued your interest about it?","Based on our conversation, this user is someone who appreciates a thoughtful and engaging approach to discussing food. They're curious and enjoy learning about different cuisines, specifically demonstrating an interest in Oaxacan cuisine. They're clearly comfortable with a bit of playful banter and welcome a knowledgeable guide through the world of food.",False
1,"Hi there! That's a lovely greeting. Honestly, I'm just brimming with questions about food! Let's start simple - what's your restaurant's signature dish, and what's the story behind it's creation?","(Chuckles warmly) Oh, fantastic! I *love* a good question. It's lovely to hear you're so enthusiastic - that's half the fun, isn't it? Okay, so, if I had a restaurant - and let's pretend for a moment - it would absolutely be my 'Smoked Paprika & Chorizo Paella.' The story behind it is quite lovely and stems from a trip I took to Valencia, Spain. I was spending time with a family who had been making this paella for generations. They weren't fancy - just a close-knit family who believed in simple, honest food made with love. The key, they told me, was the smoked paprika - it wasn't just a spice; it was sunshine captured in a jar. It's a slightly rustic take on the classic, leaning heavily on seafood, saffron, and a good, dry-cured chorizo. It's a real celebration of flavour! Would you like me to share a simplified version of the recipe, or perhaps you'd like to talk about the history of paella itself?","Based on our conversation, this user is someone genuinely curious and enthusiastic about food. They enjoy exploring different culinary topics, from specific dishes to broader historical context. They appreciate a friendly and informative approach to learning about food and seem to value a good story behind a recipe. They're also clearly mindful of time and appreciate concise, insightful discussions.",False
1,"That's a lovely sentiment! I'm actually fascinated by how different cooking techniques impact flavor. Like, what's the biggest difference between sous vide and traditional pan-frying, really?","Absolutely fascinating question! You've hit on a really key distinction - it's about *how* the heat is delivered and how that affects the muscle fibers in the food. Here's the gist: *   **Sous Vide:** This method involves cooking food in a temperature-controlled water bath. Because the heat is consistent and gentle, it slowly and evenly cooks the food from the *inside out*. This results in incredibly tender, juicy meat because the muscle fibers don't contract and toughen up as they do with high-heat methods. It's all about precision and achieving that perfectly even doneness. *   **Pan-Frying:** With pan-frying, you're using direct, intense heat. This rapidly cooks the outside of the food, and because the heat isn't evenly distributed, the inside tends to remain undercooked. The muscle fibers contract quickly, leading to a firmer, potentially drier texture. **Think of it like this:** Sous vide is like a gentle hug that cooks everything through, while pan-frying is like a quick burst of heat that primarily cooks the surface. Would you like me to share a simple recipe that utilizes sous vide (maybe a perfectly cooked steak?) or discuss how to achieve a similar result through traditional pan-frying?","Based on our conversation, the user is someone who appreciates thoughtful explorations of cooking techniques and their impact on flavor. They demonstrate a curiosity for understanding how different methods‚Äîlike sous vide versus pan-frying‚Äîaffect food texture. They're seeking a deeper understanding of culinary principles and aren't afraid to delve into the 'why' behind cooking methods.",False
1,Hi! That's a lovely greeting. I'm definitely in the mood for a food chat! Let's start with this - what's your restaurant's signature dish and how is it traditionally prepared?,"Oh, wonderful! I absolutely love a good food chat. Well, if I *had* a restaurant - and let's just indulge this thought for a moment - my signature dish would be **Slow-Roasted Lamb Shoulder with Smoked Paprika Romesco Sauce and Saffron Orzo.**  It's a dish deeply rooted in Spanish flavors, specifically from the Valencia region. Traditionally, the lamb shoulder is cooked for *hours* - often 6-8 hours - at a very low temperature (around 275¬∞F/135¬∞C) in a traditional paella pan. This incredibly slow cooking breaks down the connective tissue, resulting in the most unbelievably tender, almost meltingly soft meat. The Romesco sauce, a vibrant red sauce, is made with roasted red peppers, almonds, garlic, sherry vinegar, and olive oil. It's then blended to a smooth consistency - a key element is a touch of smoked paprika for a subtle depth. And the orzo is cooked in saffron-infused broth, giving it a beautiful golden hue and a delicate floral aroma. It's a truly comforting and flavorful dish! Would you like me to share a simplified recipe, or perhaps tell you a bit about the historical context of this style of cooking?","Based on our conversation, the user is someone who enjoys engaging in thoughtful food discussions and appreciates detailed explanations of culinary techniques and regional cuisines. They're curious and open to learning, and clearly enjoys a rich, flavorful dish. They seem to value a good story behind the food as much as the taste itself.",True
1,"Hello! It's lovely to meet you too! I'm feeling particularly interested in regional Italian cuisine today. What's a dish you'd recommend that really captures the essence of, say, Puglia?","Oh, Puglia! Fantastic choice! It's a region bursting with sunshine, olive oil, and incredible flavors. If you want to truly *taste* Puglia, I wholeheartedly recommend **Orecchiette con Cime di Rapa**. 'Orecchiette' literally means 'little ears' - and the pasta shape perfectly captures the chunky, rustic nature of the dish. It's traditionally handmade, of course, and tossed with *cime di rapa* (broccoli rabe), garlic, anchovies, and a generous drizzle of local olive oil. It's a truly simple dish, but the quality of the ingredients - particularly the olive oil - is paramount. It's a dish that reflects the agricultural heart of the region. Would you like me to share a simple recipe, or perhaps tell you a little about why this dish is so iconic to Puglia?","The user is someone who enjoys engaging in brief, informative conversations about food, particularly regional Italian cuisine. They're interested in learning about dishes and ingredients, demonstrating a curiosity for both traditional and modern culinary practices. They appreciate a knowledgeable and enthusiastic guide in their explorations of food.",True
1,Hi! I'm definitely feeling a craving for something new. What's your most exciting regional cuisine?,"That's fantastic! A craving for something new is a brilliant starting point. Okay, let me tell you - I'm absolutely *obsessed* with Ethiopian cuisine. It's just so incredibly vibrant and complex. It's unlike anything else I've ever tasted. The use of berbere spice blend - a deeply layered mix of chili peppers, garlic, ginger, and herbs - is what really sets it apart. And the injera, the spongy sourdough flatbread they use to scoop up the stews and curries, is absolutely fascinating. It's a truly communal experience, often enjoyed with everyone sharing from a large platter. Would you be interested in hearing about a simple injera recipe, or perhaps a classic Doro Wat (chicken stew) - it's a bit more involved but utterly worth it! What sparks your interest the most?","The user is someone who enjoys culinary exploration and is open to trying new flavors. They're seeking recommendations and a bit of a deep dive into a specific cuisine - Ethiopian food, in this case. They appreciate enthusiastic and informative conversation around food, and seem to value a good recipe suggestion.",True
1,"Hi there! That's a great question! I'm actually really curious - what's your restaurant's signature dish, and what makes it so special?","That's a fantastic question! It's lovely you're asking about my 'restaurant' - it's a bit of a whimsical thought, isn't it? üòâ My signature dish is a slow-braised Lamb Shoulder with Rosemary & Black Garlic Polenta. It's deeply rooted in Piedmontese cuisine - specifically, the food of the Langhe region in Italy. What makes it special? It's a symphony of layers! The lamb, cooked for *at least* 6 hours, is fall-off-the-bone tender, infused with the earthy aroma of rosemary and the subtle umami depth of black garlic (which, let me tell you, is a *game changer*!). The polenta, made with stone-ground cornmeal and a touch of Parmesan, provides a creamy, comforting counterpoint. Historically, this dish reflects the region's reliance on hearty, slow-cooked meats and locally-sourced ingredients. It's a dish that speaks of family, tradition, and the simple pleasures of good food. Would you like me to share a simplified version of the recipe, or perhaps talk a little more about the history of this dish?","Based on our conversation, this individual is a curious and engaged food enthusiast. They demonstrate an interest in learning about culinary traditions, regional cuisines, and the history behind dishes. They appreciate detail and are receptive to suggestions regarding ingredients and techniques. It seems they're seeking a genuine connection with food and a deeper understanding of its origins.",True
1,Hi! That's a great opener. I'm really curious - what's your favorite cooking technique and why?,"That's a fantastic question! Honestly, it's a really tough one because I adore so many! But if I *had* to pick just one, it would be **braising.** There's just something so incredibly satisfying about it. You essentially build layers of flavor - a rich, deeply concentrated sauce - through slow, gentle cooking. The low heat allows tough cuts of meat to become unbelievably tender, and it's a technique that truly celebrates the inherent flavors of ingredients. Plus, the results - a fall-off-the-bone brisket, a deeply flavorful lamb shank - are just *spectacular*. It's a bit of a slow dance, but the payoff is absolutely worth it! What about you? Do you have a favorite cooking technique?","Based on our conversation, this user is someone who appreciates thoughtful discussions about food. They're curious, enjoy exploring different culinary techniques, and seem to value a relatively deep dive into the ""why"" behind cooking. They clearly enjoy a friendly, knowledgeable conversation and are open to learning.",False
1,"Hi! That's a lovely way to start. I'm really interested in learning about regional Italian cuisine - specifically, what makes Tuscan food so different from, say, Sicilian?","Absolutely! That's a brilliant question - the differences between Tuscan and Sicilian cuisine are fascinating! It really boils down to geography, history, and, of course, the incredible bounty of each region. Let's break it down: **Tuscan Cuisine:** Think hearty, rustic, and deeply rooted in the land. Tuscany's rolling hills and olive groves have shaped its food. *   **Key Ingredients:** Olive oil (obviously!), pork (especially wild boar!), beans, mushrooms, hazelnuts, truffles (a huge luxury!), and robust red wines like Chianti. *   **Cooking Style:** Slow cooking is king! Dishes are often braised, stewed, or roasted - reflecting the slower pace of life. Think long-simmering ragus (meat sauces) and hearty stews. *   **Flavor Profile:** Earthy, savory, and rich.  It's about showcasing the flavor of simple, high-quality ingredients. **Sicilian Cuisine:** On the other hand, Sicily's history is a kaleidoscope of influences - Greek, Roman, Arab, Norman, and Spanish. This has created a cuisine that's incredibly vibrant and layered. *   **Key Ingredients:** Seafood (abundant thanks to the coast!), citrus fruits (lemons, oranges, grapefruits), eggplant, tomatoes (especially sun-dried), almonds, and pistachios. *   **Cooking Style:** Sicilian cooking is often brighter and lighter than Tuscan. They utilize a lot of fresh herbs and citrus to balance the richness.  You'll find a lot of frying, grilling, and roasting. *   **Flavor Profile:** Bright, fresh, and complex.  There's a strong emphasis on sweet and savory combinations. **The Big Difference?**  Tuscany is all about showcasing the *earth*, while Sicily is all about celebrating the *sea* and incorporating those diverse historical influences. Would you like me to: *   Share a specific Tuscan or Sicilian recipe? *   Dive deeper into a particular ingredient (like truffles or seafood)? *   Or maybe you have a specific question about one of these cuisines?","Based on our conversation, the user is someone genuinely curious about food and culinary traditions. They're interested in learning about regional variations within Italian cuisine, demonstrating an appreciation for the nuances of different ingredients and cooking styles. They seem to value detailed explanations and are open to exploring a topic in depth, particularly when it comes to understanding the historical and geographical influences on food. They are a thoughtful and engaged conversationalist.",True
1,Hi! That's a lovely greeting. I'm mostly just curious - I love learning about food! Let's start with this: What kind of regional cuisines do you specialize in?,"Wonderful! Curiosity is the best ingredient for a good conversation - and a delicious meal! üòÑ I have a *serious* fondness for a few regions, but I try to keep an open mind and appreciate them all! I've spent quite a bit of time exploring the nuances of: *   **Italian Food:** From the hearty pasta dishes of Tuscany to the seafood delights of Sicily, I'm a huge fan of the regional variations and the emphasis on fresh, simple ingredients. *   **Japanese Cuisine:** The precision and artistry of Japanese cooking, particularly sushi and ramen, is truly fascinating. *   **Mexican Food:** The incredible diversity of flavors and techniques - from Oaxaca's mole to the vibrant street food of Mexico City - is just amazing. *   **Southeast Asian Cuisines (Thailand, Vietnam, Malaysia):** The balance of sweet, sour, spicy, and savory is just masterful! But honestly, I'm always eager to learn about new cuisines. Where are you particularly interested in exploring? Do you have a favorite region you'd like to talk about, or perhaps a specific ingredient you're curious about?",The user is someone who enjoys learning about food and appreciates engaging in conversations about culinary topics. They demonstrate a genuine curiosity and a desire to expand their knowledge of diverse cuisines and cooking techniques. They seem to value insightful discussions and are open to exploring different regional foods and ingredients.,False
1,"Wow, that's a lovely greeting! Let's go with‚Ä¶ tell me, what's your favorite regional cuisine and why?","That's so kind of you to say! üòä Honestly, it's *really* tough to pick just one, but if I absolutely *had* to, I'd say I'm utterly captivated by Sichuan cuisine. The complexity of the flavors - the numbing spice of Sichuan peppercorns combined with the fiery chili heat, the fermented tang of doubanjiang (fermented broad bean paste), and the umami richness of soy sauce - it's just *astonishing*. It's not just about heat, though. There's incredible skill in layering those flavors, and it feels deeply connected to the landscape and history of the region. Plus, the street food scene in Sichuan is legendary! What about you? Do you have a regional cuisine that you're particularly fond of, or is there one you'd like to explore?","Based on our conversation, this user clearly enjoys engaging in thoughtful discussions about food. They demonstrate a curiosity about different cuisines, particularly Sichuan, and appreciate nuanced flavor profiles. They value a friendly and knowledgeable conversational partner, and seem to enjoy exploring the history and techniques behind food. They're someone who appreciates a good chat about ingredients and cooking.",False
1,Hi! Great to chat too! I'm definitely feeling a bit hungry and curious. Let's talk food! What's your most interesting cooking technique?,"Wonderful! Let's dive right in!  Honestly, it's hard to pick just *one*, but I'm absolutely fascinated by **sous vide**. It's essentially cooking food in a precisely temperature-controlled water bath. It's not just about making perfectly cooked steaks (though it *does* do that incredibly well!). It's the science behind it that really gets me. You can achieve levels of tenderness and flavor that are almost impossible to replicate with traditional methods. Plus, the extended cooking time allows flavors to meld in a completely new way. Have you ever tried it? Or are you curious about how it works?","The user is enthusiastic about food and open to learning. They're curious and enjoy engaging in short, thoughtful conversations. They've expressed an interest in exploring different cooking techniques, particularly those with a scientific element, and appreciate a friendly, knowledgeable guide through the world of food.",False
1,Hello! It's lovely to meet you too! I was just wondering - what's your favorite cooking technique? Is it something you use often?,"Oh, that's a fantastic question! It's *so* hard to pick just one, but if I absolutely had to, I'd say I'm utterly obsessed with **sous vide**. It's become a real staple in my kitchen. The precision is just incredible - you're essentially bathing food in a perfectly temperature-controlled water bath, which results in unbelievably tender and evenly cooked results. I use it for everything from salmon and steak to vegetables. It's not necessarily the *fastest* technique, but the quality of the outcome is just phenomenal. What about you? Do you have a go-to cooking technique that you find yourself reaching for again and again?","Based on our conversation, the user enjoys exploring cooking techniques and demonstrating a genuine interest in food. They appreciate thoughtful responses and are open to learning about different culinary methods. They seem to value quality and precision in their cooking.",True
1,Hi! That's a lovely way to start. I'm definitely in the mood for a food conversation! Let's talk - what's your favorite cooking technique?,"Oh, fantastic! I absolutely love a good chat about food. As for my favorite technique‚Ä¶ it's absolutely *braising*. There's just something magical about slowly transforming tough cuts of meat into incredibly tender, flavorful masterpieces. The long, gentle simmer in liquid - it's like a hug for the food! It builds so much depth of flavor, and it's incredibly versatile - you can do it with beef, lamb, pork, even vegetables. What about you? Do you have a favorite cooking technique, or is there a dish you've been wanting to master?","The user enjoys engaging in food-related conversations and seems eager to explore different aspects of cooking. They appreciate a friendly and knowledgeable guide, demonstrating an interest in techniques, regional cuisines, and global food culture. They're someone who values a good chat and is open to learning about food.",False
1,"Hi! I'm always hungry for knowledge! Tell me, what's your favorite cooking technique? Like, is there one you find *really* interesting?","That's fantastic! A fellow knowledge-seeker - I love it! üòÑ Honestly, it's incredibly difficult to pick just *one*, but if I had to choose, I'd say **sous vide**. There's just something so incredibly precise and elegant about it. The idea of gently, consistently cooking food to a specific internal temperature, perfectly tender and juicy, is just brilliant. It's not just a technique; it's a whole philosophy of cooking. Historically, it's actually been around for centuries - Romans used variations of it! - but the modern technology has made it so accessible. What about you? Do you have a favorite cooking technique, or is there something you've been wanting to try?","This individual is clearly a curious and enthusiastic learner with a genuine interest in food. They appreciate thoughtful conversation and are keen to expand their culinary knowledge. They enjoy discussing techniques and exploring different cuisines, demonstrating an eagerness to delve deeper into the world of food.",True
1,Hi! That's a great start! I'm really intrigued by Sichuan cuisine - it seems so fiery! What's the *biggest* difference between Sichuan peppercorns and black peppercorns?,"Absolutely! Sichuan cuisine is a fantastic journey for the palate - that heat and numbing sensation is truly unique. Okay, let's talk peppercorns! The biggest difference is *absolutely* the sensation they create. *   **Black peppercorns** - these are primarily spicy and pungent. They contain piperine, which is what gives them that sharp, warming heat. It's a classic, familiar heat. *   **Sichuan peppercorns** - these don't actually contain any capsaicin (the chemical that makes chili peppers hot!). Instead, they contain a compound called 'malikanone.' This creates a tingling, numbing, almost 'buzzing' sensation on your tongue and lips - that's the characteristic 'ma la' flavor of Sichuan cuisine! It's a completely different kind of heat, really. They're often used in combination with chili peppers to create that complex, addictive flavour. Would you like me to tell you a little about how Sichuan chefs use them, or perhaps share a simple dish where they really shine?","Based on our conversation, this individual is a curious and engaged learner with a growing interest in global cuisines, particularly Sichuan food. They're clearly intrigued by the nuances of different spices and ingredients and demonstrated a willingness to explore new culinary concepts. They appreciate concise, informative explanations and seem to value a friendly, approachable guide through the world of food.",True
1,Hi! I'm feeling adventurous today. Tell me - what's your most unusual dish?,"Ooh, adventurous - I love it! That's a fantastic starting point. Okay, let me tell you about *H√°karl* - Icelandic fermented shark. üò¨ It's‚Ä¶well, it's a truly unique experience. Greenland sharks have a very high concentration of urea in their flesh, which makes it toxic if eaten fresh. So, they're buried in the sand for weeks to decompose, then hung to dry for months. The smell is intense (think ammonia!), and the taste is‚Ä¶acquired. Some describe it as having a cheesy, fishy, and almost burning sensation. It's a huge part of Icelandic culture, traditionally eaten during the √ûorrabl√≥t festival. It's definitely not for the faint of heart! Would you like to know a little more about why it's eaten, or perhaps a slightly *less* intense recipe I could suggest instead? üòâ","Based on our conversation, this individual is someone who appreciates culinary exploration and isn't afraid to try new things, even if they sound unusual. They seem to enjoy a bit of a playful exchange and value insightful recommendations. They're curious about food's history and cultural significance.",True
1,"Hello! That's lovely to hear. I'm really fascinated by food - especially how different cultures cook. Tell me, what's your favorite cooking technique?","Hello again! It's wonderful to hear you're fascinated by food - it's truly the most incredible adventure! üòÑ That's a fantastic question! While I adore so many techniques, I'm completely captivated by **sous vide**. It's just *so* precise! The ability to gently, evenly cook food to a specific temperature, locking in moisture and flavor‚Ä¶ it's revolutionary. Historically, it's actually quite old - the Romans used variations of it - but the modern technology makes it accessible and really elevates any dish. It's a bit of a deep dive into food science, which I absolutely love. What about you? Do you have a favorite cooking technique, or perhaps a cuisine you're particularly drawn to?","Based on our conversation, the user is someone deeply interested in food and global culinary cultures. They appreciate precision and technique, particularly those with a historical element like sous vide. They're clearly engaged and enjoy exploring different aspects of food, demonstrating a genuine enthusiasm for learning and expanding their knowledge.",False
1,Hi there! That's a great way to start! I'm always hungry for knowledge. Let's go with this - what's your restaurant's signature dish and what makes it special?,"(Chuckles warmly) That's a fantastic question! It's lovely to hear you're eager to learn. Okay, if I had a restaurant - and let's just say it's called 'The Wandering Spatula' - my signature dish would absolutely be **Sichuan Mapo Tofu with Black Garlic Oil.** Now, what makes it special? It's a beautiful layering of flavours and textures. Traditionally, Mapo Tofu relies on fermented black beans, chili bean paste (doubanjiang), Sichuan peppercorns, and ground pork. But my version elevates it. I infuse the tofu in a fragrant kombu broth for maximum creaminess, and then I finish it with a *homemade* black garlic oil - slow-roasted black garlic, chili oil, and a touch of Sichuan peppercorn. The result is this incredible umami bomb - spicy, numbing, sweet, and deeply savoury. It's a dish with a rich history (dating back centuries in Sichuan province!) and a really modern twist. Would you like me to share a simplified version of the recipe, or perhaps tell you a bit about the history behind Mapo Tofu?","Based on our conversation, this individual is a curious and enthusiastic learner with a genuine interest in food. They appreciate detailed explanations and historical context, demonstrating a desire to understand the 'why' behind recipes and techniques. They value a friendly and knowledgeable guide, expressing a clear eagerness to expand their culinary knowledge.",False